Type,Name,Request Count,Failure Count,Median Response Time,Average Response Time,Min Response Time,Max Response Time,Average Content Size,Requests/s,Failures/s,50%,66%,75%,80%,90%,95%,98%,99%,99.9%,99.99%,100%
GET,/api/character,107,0,54,70.84837289718078,52.3995000000923,420.71370000007846,19496.0,3.798860803577424,0.0,54,54,55,55,160,160,210,400,420,420,420
GET,/api/character/%5B%5D,109,109,210.0,274.58418073393415,197.40470000010646,552.2920000000795,31.0,3.8698675475695254,3.8698675475695254,210,290,300,350,440,520,530,540,550,550,550
GET,/api/character/1,110,0,53,56.77580363634743,51.91510000008748,239.13080000011178,2719.0,3.905370919565576,0.0,54,54,54,54,55,55,56,230,240,240,240
,Aggregated,326,109,54,134.2202147239121,51.91510000008748,552.2920000000795,7326.812883435583,11.574099270712527,3.8698675475695254,54,200,200,200,300,400,500,530,550,550,550
