Type,Name,Request Count,Failure Count,Median Response Time,Average Response Time,Min Response Time,Max Response Time,Average Content Size,Requests/s,Failures/s,50%,66%,75%,80%,90%,95%,98%,99%,99.9%,99.99%,100%
GET,/api/character/1,111,0,54,59.02789459449539,52.56360000021232,259.76530000116327,2719.0,1.9093650134465152,0.0,54,54,55,55,55,77,100,260,260,260,260
GET,/api/character?name=rick,108,0,55,66.49567592596752,52.86639999940235,370.95880000015313,11750.0,1.8577605536236363,0.0,55,55,55,55,56,63,360,370,370,370,370
GET,/api/character?page=1,113,0,55,79.52793982301762,52.92810000173631,999.4516000006115,19496.0,1.9437679866617676,0.0,55,55,55,55,81,160,170,980,1000,1000,1000
,Aggregated,332,0,54,68.43459789154961,52.56360000021232,999.4516000006115,11367.039156626506,5.710893553731919,0.0,54,55,55,55,56,160,260,370,1000,1000,1000
