Type,Name,Request Count,Failure Count,Median Response Time,Average Response Time,Min Response Time,Max Response Time,Average Content Size,Requests/s,Failures/s,50%,66%,75%,80%,90%,95%,98%,99%,99.9%,99.99%,100%
GET,/api/character/1,109,0,54,54.99280091762474,52.69380000027013,106.03289999926346,2719.0,1.866230608435149,0.0,54,54,55,55,58,59,62,65,110,110,110
GET,/api/character?name=rick,108,0,54,55.55302777762942,52.898599999025464,129.83840000015334,11750.0,1.849109226706386,0.0,54,54,55,55,57,59,65,77,130,130,130
GET,/api/character?page=1,110,0,54,65.58880545448615,53.167100000791834,249.58280000100785,19496.0,1.8833519901639117,0.0,54,55,55,57,64,170,170,240,250,250,250
,Aggregated,327,0,54,58.742235168191286,52.69380000027013,249.58280000100785,11345.354740061162,5.598691825305447,0.0,54,55,55,55,58,63,170,170,250,250,250
