Type,Name,Request Count,Failure Count,Median Response Time,Average Response Time,Min Response Time,Max Response Time,Average Content Size,Requests/s,Failures/s,50%,66%,75%,80%,90%,95%,98%,99%,99.9%,99.99%,100%
GET,/api/character/1,56,0,54,55.340685714327265,52.83669999880658,77.11569999992207,2719.0,1.9419609212163416,0.0,54,54,55,55,57,65,66,77,77,77,77
GET,/api/character?name=rick,53,0,55,56.29404905675125,53.311800000301446,95.42570000121486,11750.0,1.8379273004368946,0.0,55,55,55,56,58,61,71,95,95,95,95
GET,/api/character?page=1,60,0,55,76.71876166674944,53.065500000229804,245.66670000058366,19496.0,2.0806724155889373,0.0,55,56,57,66,170,190,240,250,250,250,250
,Aggregated,169,0,55,63.22951893500065,52.83669999880658,245.66670000058366,11507.538461538461,5.860560637242173,0.0,55,55,55,56,65,160,170,240,250,250,250
