Type,Name,Request Count,Failure Count,Median Response Time,Average Response Time,Min Response Time,Max Response Time,Average Content Size,Requests/s,Failures/s,50%,66%,75%,80%,90%,95%,98%,99%,99.9%,99.99%,100%
GET,/api/character/1,53,0,55,69.22370754841293,54.02029992546886,627.7791999746114,2719.0,1.8092727718120103,0.0,55,55,56,56,56,57,230,630,630,630,630
GET,/api/character?name=rick,51,0,55,90.59984509504454,54.47129998356104,473.5508000012487,11750.0,1.7409983275926892,0.0,55,56,56,56,130,460,460,470,470,470,470
GET,/api/character?page=1,56,0,56,123.00975355901755,54.37489994801581,551.2509999098256,19496.0,1.911684438140992,0.0,56,57,160,170,250,470,520,550,550,550,550
,Aggregated,160,0,55,94.86246749511338,54.02029992546886,627.7791999746114,11469.58125,5.461955537545691,0.0,56,56,56,57,230,460,470,550,630,630,630
