Type,Name,Request Count,Failure Count,Median Response Time,Average Response Time,Min Response Time,Max Response Time,Average Content Size,Requests/s,Failures/s,50%,66%,75%,80%,90%,95%,98%,99%,99.9%,99.99%,100%
GET,/api/character/1,55,0,56,66.36672000273724,54.399400018155575,342.7634999388829,2719.0,1.924176973916142,0.0,56,56,57,57,58,62,330,340,340,340,340
GET,/api/character?name=rick,54,0,56,88.26715185272472,54.65950001962483,731.7335999105126,11750.0,1.8891919380267577,0.0,56,57,58,58,130,450,470,730,730,730,730
GET,/api/character?page=1,57,0,56,150.45067719020471,54.79900003410876,1171.4186000172049,19496.0,1.9941470456949109,0.0,56,57,130,170,430,700,1200,1200,1200,1200,1200
,Aggregated,166,0,56,102.36315903638165,54.399400018155575,1171.4186000172049,11417.572289156626,5.80751595763781,0.0,56,57,57,58,170,430,700,1200,1200,1200,1200
