Type,Name,Request Count,Failure Count,Median Response Time,Average Response Time,Min Response Time,Max Response Time,Average Content Size,Requests/s,Failures/s,50%,66%,75%,80%,90%,95%,98%,99%,99.9%,99.99%,100%
GET,/api/character/1,53,0,56,89.60343396097844,54.190399940125644,428.78970003221184,2719.0,1.8079032997256193,0.0,56,56,56,56,320,350,350,430,430,430,430
GET,/api/character?name=rick,53,0,56,57.941403773718704,54.337000008672476,133.24270001612604,11750.0,1.8079032997256193,0.0,56,56,57,57,57,58,76,130,130,130,130
GET,/api/character?page=1,55,0,57,136.62064726549116,54.36309997458011,741.5522000519559,19496.0,1.8761260657530012,0.0,57,130,170,170,440,560,640,740,740,740,740
,Aggregated,161,0,56,95.24231055615505,54.190399940125644,741.5522000519559,11423.211180124224,5.4919326652042395,0.0,56,56,57,57,170,350,460,640,740,740,740
