Type,Name,Request Count,Failure Count,Median Response Time,Average Response Time,Min Response Time,Max Response Time,Average Content Size,Requests/s,Failures/s,50%,66%,75%,80%,90%,95%,98%,99%,99.9%,99.99%,100%
GET,/api/character/1,54,0,55,85.28279445427297,53.9050999796018,539.7595000686124,2719.0,1.8421016049430812,0.0,55,56,56,56,56,340,340,540,540,540,540
GET,/api/character?name=rick,50,0,56,77.49663199298084,54.15920005179942,734.220499987714,11750.0,1.7056496342065566,0.0,56,56,56,56,130,130,730,730,730,730,730
GET,/api/character?page=1,55,0,56,111.43351091410626,54.53680001664907,555.9907999122515,19496.0,1.8762145976272124,0.0,56,57,130,170,240,450,460,560,560,560,560
,Aggregated,159,0,56,91.88016100915489,53.9050999796018,734.220499987714,11362.301886792453,5.42396583677685,0.0,56,56,56,57,180,340,460,560,730,730,730
