Type,Name,Request Count,Failure Count,Median Response Time,Average Response Time,Min Response Time,Max Response Time,Average Content Size,Requests/s,Failures/s,50%,66%,75%,80%,90%,95%,98%,99%,99.9%,99.99%,100%
GET,/api/character/1,56,0,56,106.36298036011534,55.03990000579506,354.9362000776455,2719.0,1.9419805255953,0.0,56,57,57,58,330,340,350,350,350,350,350
GET,/api/character?name=rick,54,0,57,114.56476482002202,54.658500012010336,581.0139999957755,11750.0,1.8726240782526107,0.0,57,58,140,140,290,460,470,580,580,580,580
GET,/api/character?page=1,58,0,57,240.30476378012,55.04760006442666,3415.8871999243274,19496.0,2.0113369729379893,0.0,57,57,140,170,740,1200,1300,3400,3400,3400,3400
,Aggregated,168,0,57,155.2410744029441,54.658500012010336,3415.8871999243274,11413.880952380952,5.8259415767859,0.0,57,57,63,140,340,550,1200,1300,3400,3400,3400
