Type,Name,Request Count,Failure Count,Median Response Time,Average Response Time,Min Response Time,Max Response Time,Average Content Size,Requests/s,Failures/s,50%,66%,75%,80%,90%,95%,98%,99%,99.9%,99.99%,100%
GET,/api/character/1,115,0,54,53.736261739125084,52.07350000000588,64.11130000014964,2719.0,1.9698134200267752,0.0,54,54,54,54,54,55,55,56,64,64,64
GET,/api/character?name=rick,114,0,54,54.57829736840786,52.61190000055649,106.42579999966983,11750.0,1.9526846076787163,0.0,54,54,54,54,55,55,56,80,110,110,110
GET,/api/character?page=1,117,0,54,68.01023162393577,52.71770000035758,415.94789999999193,19496.0,2.004071044722893,0.0,54,54,54,55,64,160,160,400,420,420,420
,Aggregated,346,0,54,58.84044248554441,52.07350000000588,415.94789999999193,11367.679190751445,5.926569072428385,0.0,54,54,54,54,55,56,160,160,420,420,420
