Type,Name,Request Count,Failure Count,Median Response Time,Average Response Time,Min Response Time,Max Response Time,Average Content Size,Requests/s,Failures/s,50%,66%,75%,80%,90%,95%,98%,99%,99.9%,99.99%,100%
GET,/api/character/1,54,0,54,54.622957407344884,51.932799999121926,94.17049999865412,2719.0,1.8743274725081571,0.0,54,54,54,54,54,62,67,94,94,94,94
GET,/api/character?name=rick,54,0,54,54.00408148148859,52.60130000169738,57.40850000074715,11750.0,1.8743274725081571,0.0,54,54,54,55,55,56,57,57,57,57,57
GET,/api/character?page=1,57,0,54,75.66610701740086,52.41770000066026,241.72820000057982,19496.0,1.978456776536388,0.0,54,54,55,64,160,160,230,240,240,240,240
,Aggregated,165,0,54,61.68986787872034,51.932799999121926,241.72820000057982,11470.290909090909,5.727111721552702,0.0,54,54,54,55,57,160,160,230,240,240,240
