Type,Name,Request Count,Failure Count,Median Response Time,Average Response Time,Min Response Time,Max Response Time,Average Content Size,Requests/s,Failures/s,50%,66%,75%,80%,90%,95%,98%,99%,99.9%,99.99%,100%
GET,/api/character/1,56,0,55,54.611258928649214,53.67870000009134,57.321199999933015,2719.0,1.9377085195197625,0.0,55,55,55,55,55,56,57,57,57,57,57
GET,/api/character?name=rick,54,0,55,56.30191296300095,54.33730000004289,87.36429999953543,11750.0,1.8685046438226283,0.0,55,55,55,55,56,65,87,87,87,87,87
GET,/api/character?page=1,57,0,55,76.8269596491129,54.241000001638895,244.34029999974882,19496.0,1.9723104573683297,0.0,55,55,55,56,170,170,230,240,240,240,240
,Aggregated,167,0,55,62.74054191620265,53.67870000009134,244.34029999974882,11365.48502994012,5.778523620710721,0.0,55,55,55,55,56,160,170,230,240,240,240
